{
    "O3": {
        "a": -0.14905,
        "b": 3.06565,
        "c": 0.00460655,
        "q": 14.6679
    },
    "NO2": {
        "a": 0.074414,
        "b": -0.5878,
        "c": -0.001912,
        "q": 20.5136
    },
    "CO": {
        "a": -0.03385,
        "b": -0.3557,
        "c": 0.0011577,
        "q": 11.1337
    }
}