{
    "O3": {
        "a": -0.10557,
        "b": 1.6244,
        "c": 0.00456997,
        "q": 17.6667
    },
    "NO2": {
        "a": 0.058519,
        "b": -0.1585,
        "c": -0.0020341,
        "q": 19.6593
    },
    "CO": {
        "a": -0.03385,
        "b": -0.3557,
        "c": 0.0011577,
        "q": 11.1337
    }
}