{
    "O3": {
        "a": 0.901574,
        "b": 47.8419,
        "c": -0.0500427,
        "q": -817.9390
    },
    "NO2": {
        "a": -0.028503,
        "b": -9.3450,
        "c": 0.01031103,
        "q": 195.7875
    },
    "CO": {
        "a": -0.03385,
        "b": -0.3557,
        "c": 0.0011577,
        "q": 11.1337
    }
}