{
    "O3": {
        "a": -0.1541,
        "b": 2.4558,
        "c": 0.0053858,
        "q": 26.6108
    },
    "NO2": {
        "a": -0.101799,
        "b": -1.7039,
        "c": 0.0170681,
        "q": 35.9737
    },
    "CO": {
        "a": 0.0071986,
        "b": 0.0,
        "c": 0.0,
        "q": -1.4310
    }
}